Statistic,Value
max_reward,5.250246047973633
timestep_at_max,95408.16326530612
mean_reward,4.941941825710997
std_reward,0.21763172876548215
median_reward,5.026186943054199
iqr_reward,0.25763463973999023
cum_reward,968.6205978393555
reward_trend_slope,6.180164766326466e-06
reward_trend_r_value,0.8239541134530202
mean_entropy,16.412916816010767
std_entropy,3.037931050365129
min_entropy,12.474366188049316
max_entropy,24.121952056884766
