Statistic,Value
max_reward,85.9354248046875
timestep_at_max,62244.897959183676
mean_reward,60.1549569344034
std_reward,11.125797290433876
median_reward,59.433244705200195
iqr_reward,11.994847297668457
cum_reward,5895.185779571533
reward_trend_slope,0.0002713576730033388
reward_trend_r_value,0.711298791064717
mean_entropy,24.04611248872718
std_entropy,0.21200767849771748
min_entropy,23.649415969848633
max_entropy,24.337797164916992
