Statistic,Value
max_reward,4.9532341957092285
timestep_at_max,42857.142857142855
mean_reward,4.757114721804249
std_reward,0.143398882466458
median_reward,4.794898986816406
iqr_reward,0.21264266967773438
cum_reward,466.1972427368164
reward_trend_slope,3.2598041706639597e-06
reward_trend_r_value,0.6629592757581418
mean_entropy,23.891048587098414
std_entropy,0.24041575530485523
min_entropy,23.457765579223633
max_entropy,24.32655906677246
